id,lastnost
2605,Dostop za invalide
2605,Kosilo
2605,Odprt ob vikendih
1478,Dostop za invalide
1478,Vegetarijansko
1478,Kosilo
1478,Odprt ob vikendih
2751,Dostop za invalide
2751,Pizza
2751,Študentske ugodnosti
2751,Odprt ob vikendih
1772,Vegetarijansko
1772,Kosilo
1772,Odprt ob vikendih
1772,Dostop za invalide (WC)
1865,Dostop za invalide
1865,Solata
1865,Vegetarijansko
1865,Kosilo
2338,Dostop za invalide
2338,Vegetarijansko
2338,Kosilo
2338,Odprt ob vikendih
2339,Vegetarijansko
2339,Kosilo
2339,Odprt ob vikendih
2339,Dostava
2247,Vegetarijansko
2247,Kosilo
2247,Odprt ob vikendih
2147,Vegetarijansko
2147,Kosilo
2147,Odprt ob vikendih
2748,Vegetarijansko
2748,Kosilo
2748,Odprt ob vikendih
2239,Dostop za invalide
2239,Vegetarijansko
2239,Kosilo
2240,Vegetarijansko
2240,Kosilo
2240,Dostava
2886,Dostop za invalide
2886,Vegetarijansko
2886,Kosilo
2886,Odprt ob vikendih
2612,Dostop za invalide
2612,Vegetarijansko
2612,Kosilo
2488,Solata
2488,Vegetarijansko
2488,Kosilo
2488,Odprt ob vikendih
1817,Dostop za invalide
1817,Vegetarijansko
1817,Kosilo
2133,Dostop za invalide
2133,Vegetarijansko
2133,Kosilo
2133,Študentske ugodnosti
2023,Vegetarijansko
2023,Kosilo
2023,Dostop za invalide (WC)
2102,Vegetarijansko
2102,Kosilo
2102,Dostop za invalide (WC)
2103,Vegetarijansko
2103,Kosilo
2103,Dostop za invalide (WC)
2862,Nov lokal
2862,Vegetarijansko
2862,Kosilo
1465,Dostop za invalide
1465,Solata
1465,Vegetarijansko
1465,Kosilo
2699,Vegetarijansko
2699,Kosilo
2699,Odprt ob vikendih
2699,Dostava
2821,Dostop za invalide
2821,Vegetarijansko
2821,Kosilo
1645,Dostop za invalide
1645,Vegetarijansko
1645,Kosilo
1645,Odprt ob vikendih
2777,Dostop za invalide
2777,Vegetarijansko
2777,Kosilo
2777,Odprt ob vikendih
2471,Vegetarijansko
2471,Kosilo
2471,Odprt ob vikendih
2471,Dostop za invalide (WC)
2443,Dostop za invalide
2443,Vegetarijansko
2443,Kosilo
2443,Odprt ob vikendih
2872,Dostop za invalide
2872,Nov lokal
2872,Pizza
2784,Dostop za invalide
2784,Solata
2784,Kosilo
2784,Odprt ob vikendih
2767,Vegetarijansko
2767,Kosilo
2767,Odprt ob vikendih
1161,Vegetarijansko
1161,Kosilo
1161,Odprt ob vikendih
1673,Vegetarijansko
1673,Kosilo
1673,Odprt ob vikendih
1673,Dostava
2707,Vegetarijansko
2707,Kosilo
2707,Odprt ob vikendih
2707,Dostop za invalide
2707,Solata
2708,Vegetarijansko
2708,Kosilo
2708,Odprt ob vikendih
2708,Dostop za invalide
2708,Solata
2706,Kosilo
2706,Odprt ob vikendih
1568,Dostop za invalide
1568,Pizza
1568,Odprt ob vikendih
1569,Pizza
1569,Odprt ob vikendih
1569,Dostava
2244,Vegetarijansko
2244,Kosilo
2244,Odprt ob vikendih
2244,Študentske ugodnosti
2244,Dostava
2243,Vegetarijansko
2243,Kosilo
2243,Odprt ob vikendih
2243,Dostop za invalide
2243,Študentske ugodnosti
2709,Dostop za invalide
2709,Pizza
2709,Odprt ob vikendih
2686,Dostop za invalide
2686,Vegetarijansko
2686,Kosilo
2686,Odprt ob vikendih
2195,Dostop za invalide
2195,Vegetarijansko
2195,Kosilo
2195,Odprt ob vikendih
2463,Vegetarijansko
2463,Kosilo
2463,Odprt ob vikendih
2463,Dostava
1485,Solata
1485,Vegetarijansko
1485,Kosilo
1485,Odprt ob vikendih
2523,Dostop za invalide
2523,Kosilo
1500,Solata
1500,Vegetarijansko
1500,Kosilo
1090,Solata
1090,Vegetarijansko
1090,Kosilo
1090,Dostop za invalide (WC)
1091,Solata
1091,Vegetarijansko
1091,Kosilo
1091,Študentske ugodnosti
1502,Solata
1502,Vegetarijansko
1502,Kosilo
1502,Dostop za invalide (WC)
2817,Nov lokal
2817,Vegetarijansko
2817,Pizza
2111,Solata
2111,Vegetarijansko
2111,Kosilo
1314,Dostop za invalide
1314,Solata
1314,Vegetarijansko
1314,Kosilo
1013,Dostop za invalide
1013,Solata
1013,Vegetarijansko
1013,Kosilo
1093,Dostop za invalide
1093,Vegetarijansko
1093,Kosilo
1501,Solata
1501,Vegetarijansko
1501,Kosilo
1501,Dostop za invalide (WC)
1578,Vegetarijansko
1578,Kosilo
1578,Odprt ob vikendih
2829,Dostop za invalide
2829,Kosilo
2750,Dostop za invalide
2750,Vegetarijansko
2750,Kosilo
2750,Odprt ob vikendih
1668,Vegetarijansko
1668,Kosilo
2234,Kosilo
1432,Dostop za invalide
1432,Vegetarijansko
1432,Kosilo
1432,Odprt ob vikendih
2830,Vegetarijansko
2830,Kosilo
2572,Vegetarijansko
2572,Kosilo
2572,Odprt ob vikendih
2572,Solata
2572,Študentske ugodnosti
2723,Vegetarijansko
2723,Kosilo
2723,Študentske ugodnosti
2724,Vegetarijansko
2724,Pizza
2521,Vegetarijansko
2521,Kosilo
2521,Dostop za invalide (WC)
2589,Vegetarijansko
2589,Kosilo
2589,Odprt ob vikendih
2098,Dostop za invalide
2098,Hitra hrana
2098,Odprt ob vikendih
2643,Dostop za invalide
2643,Kosilo
2643,Odprt ob vikendih
2276,Dostop za invalide
2276,Vegetarijansko
2276,Kosilo
2549,Dostop za invalide
2549,Kosilo
2549,Odprt ob vikendih
2849,Solata
2849,Vegetarijansko
2849,Kosilo
2702,Dostop za invalide
2702,Nov lokal
2702,Vegetarijansko
2702,Kosilo
2836,Dostop za invalide
2836,Vegetarijansko
2836,Kosilo
2837,Vegetarijansko
2837,Kosilo
2837,Dostava
2591,Dostop za invalide
2591,Vegetarijansko
2591,Kosilo
2650,Dostop za invalide
2650,Kosilo
2650,Študentske ugodnosti
2107,Dostop za invalide
2107,Vegetarijansko
2107,Kosilo
2054,Vegetarijansko
2054,Kosilo
2054,Odprt ob vikendih
1844,Dostop za invalide
1844,Vegetarijansko
1844,Kosilo
1909,Dostop za invalide
1909,Kosilo
1909,Odprt ob vikendih
2161,Vegetarijansko
2161,Kosilo
2161,Odprt ob vikendih
2161,Dostop za invalide (WC)
2161,Študentske ugodnosti
2690,Dostop za invalide
2690,Vegetarijansko
2690,Kosilo
2690,Odprt ob vikendih
1628,Odprt ob vikendih
1628,Kosilo
1628,Dostop za invalide (WC)
1628,Celiakiji prijazni obroki
1420,Dostop za invalide
1420,Vegetarijansko
1420,Kosilo
1420,Odprt ob vikendih
2594,Vegetarijansko
2594,Kosilo
2594,Odprt ob vikendih
2410,Dostop za invalide
2410,Vegetarijansko
2410,Kosilo
2410,Odprt ob vikendih
1508,Vegetarijansko
1508,Kosilo
1508,Odprt ob vikendih
1988,Dostop za invalide
1988,Vegetarijansko
1988,Kosilo
1988,Odprt ob vikendih
2547,Dostop za invalide
2547,Vegetarijansko
2547,Kosilo
2547,Odprt ob vikendih
2734,Dostop za invalide
2734,Vegetarijansko
2734,Kosilo
2734,Odprt ob vikendih
2543,Dostop za invalide
2543,Kosilo
2543,Študentske ugodnosti
2346,Kosilo
2346,Študentske ugodnosti
2346,Dostava
2873,Nov lokal
2873,Vegetarijansko
2873,Kosilo
2873,Dostop za invalide
2873,Solata
1120,Vegetarijansko
1120,Kosilo
1120,Odprt ob vikendih
1860,Vegetarijansko
1860,Kosilo
1860,Odprt ob vikendih
1860,Dostop za invalide
1860,Študentske ugodnosti
1487,Vegetarijansko
1487,Kosilo
1487,Odprt ob vikendih
1487,Dostop za invalide
1487,Solata
1487,Študentske ugodnosti
1375,Dostop za invalide
1375,Vegetarijansko
1375,Kosilo
1375,Odprt ob vikendih
1464,Vegetarijansko
1464,Kosilo
1464,Odprt ob vikendih
1123,Dostop za invalide
1123,Vegetarijansko
1123,Kosilo
1123,Odprt ob vikendih
1124,Vegetarijansko
1124,Kosilo
1124,Dostava
2513,Vegetarijansko
2513,Kosilo
2513,Odprt ob vikendih
2513,Dostop za invalide
2513,Solata
2814,Dostop za invalide
2814,Nov lokal
2814,Vegetarijansko
2814,Kosilo
2834,Dostop za invalide
2834,Vegetarijansko
2834,Kosilo
1834,Vegetarijansko
1834,Kosilo
1834,Odprt ob vikendih
1834,Dostop za invalide (WC)
1835,Vegetarijansko
1835,Kosilo
1835,Odprt ob vikendih
1835,Dostop za invalide (WC)
1213,Solata
1213,Vegetarijansko
1213,Kosilo
1213,Dostop za invalide (WC)
1849,Dostop za invalide
1849,Vegetarijansko
1849,Kosilo
1849,Odprt ob vikendih
2403,Vegetarijansko
2403,Kosilo
2403,Odprt ob vikendih
2403,Dostop za invalide
2403,Solata
1847,Vegetarijansko
1847,Kosilo
1847,Odprt ob vikendih
1847,Dostop za invalide (WC)
1847,Solata
2310,Nov lokal
2310,Vegetarijansko
2310,Kosilo
2860,Nov lokal
2860,Vegetarijansko
2860,Kosilo
1188,Vegetarijansko
1188,Kosilo
1188,Dostop za invalide
1188,Solata
1188,Študentske ugodnosti
1189,Vegetarijansko
1189,Kosilo
1189,Dostava
2614,Vegetarijansko
2614,Kosilo
2614,Odprt ob vikendih
2614,Dostava
2094,Dostop za invalide
2094,Vegetarijansko
2094,Kosilo
2094,Odprt ob vikendih
2095,Vegetarijansko
2095,Kosilo
2095,Odprt ob vikendih
2095,Dostava
2525,Vegetarijansko
2525,Kosilo
2525,Odprt ob vikendih
2525,Študentske ugodnosti
2525,Dostava
2778,Vegetarijansko
2778,Kosilo
2778,Odprt ob vikendih
1514,Vegetarijansko
1514,Kosilo
1514,Odprt ob vikendih
1514,Dostava
1804,Vegetarijansko
1804,Kosilo
1804,Odprt ob vikendih
1804,Dostava
2519,Vegetarijansko
2519,Kosilo
2519,Odprt ob vikendih
2519,Dostava
2668,Vegetarijansko
2668,Kosilo
2668,Študentske ugodnosti
2668,Odprt ob vikendih
2735,Kosilo
2841,Dostop za invalide
2841,Nov lokal
2841,Vegetarijansko
2841,Kosilo
2842,Nov lokal
2842,Kosilo
2842,Dostava
1351,Dostop za invalide
1351,Solata
1351,Vegetarijansko
1351,Kosilo
2358,Vegetarijansko
2358,Kosilo
2358,Odprt ob vikendih
2358,Dostop za invalide
2358,Študentske ugodnosti
2359,Vegetarijansko
2359,Kosilo
2359,Odprt ob vikendih
2359,Dostop za invalide
2359,Študentske ugodnosti
2624,Vegetarijansko
2624,Kosilo
2624,Odprt ob vikendih
2624,Dostop za invalide
2624,Solata
2624,Študentske ugodnosti
2487,Vegetarijansko
2487,Kosilo
2487,Odprt ob vikendih
2487,Dostop za invalide (WC)
1627,Solata
1627,Odprt ob vikendih
1627,Kosilo
1627,Dostop za invalide (WC)
1145,Vegetarijansko
1145,Kosilo
1145,Odprt ob vikendih
1145,Dostop za invalide (WC)
1145,Solata
2846,Nov lokal
2846,Vegetarijansko
2846,Kosilo
2846,Solata
2846,Študentske ugodnosti
2847,Kosilo
2847,Študentske ugodnosti
2361,Dostop za invalide
2361,Vegetarijansko
2361,Kosilo
2361,Odprt ob vikendih
1361,Dostop za invalide
1361,Vegetarijansko
1361,Kosilo
1361,Odprt ob vikendih
2173,Vegetarijansko
2173,Kosilo
2173,Odprt ob vikendih
2720,Dostop za invalide
2720,Vegetarijansko
2720,Pizza
1386,Vegetarijansko
1386,Kosilo
1386,Odprt ob vikendih
2533,Vegetarijansko
2533,Kosilo
2533,Dostop za invalide (WC)
2711,Dostop za invalide
2711,Solata
2711,Pizza
1639,Dostop za invalide
1639,Vegetarijansko
1639,Kosilo
1639,Študentske ugodnosti
2581,Nov lokal
2581,Vegetarijansko
2581,Kosilo
2581,Dostop za invalide (WC)
2638,Dostop za invalide
2638,Vegetarijansko
2638,Kosilo
2638,Odprt ob vikendih
2832,Nov lokal
2832,Vegetarijansko
2832,Pizza
1999,Vegetarijansko
1999,Kosilo
1999,Odprt ob vikendih
1999,Dostop za invalide
1999,Solata
2347,Dostop za invalide
2347,Kosilo
2347,Študentske ugodnosti
2330,Dostop za invalide
2330,Vegetarijansko
2330,Kosilo
2330,Odprt ob vikendih
2329,Vegetarijansko
2329,Kosilo
2329,Odprt ob vikendih
2396,Solata
2396,Odprt ob vikendih
2396,Kosilo
2396,Dostop za invalide (WC)
1190,Dostop za invalide
1190,Vegetarijansko
1190,Kosilo
1190,Odprt ob vikendih
2839,Nov lokal
2839,Vegetarijansko
2839,Kosilo
2839,Dostop za invalide (WC)
2775,Vegetarijansko
2775,Kosilo
2775,Odprt ob vikendih
2775,Dostava
2703,Vegetarijansko
2703,Kosilo
2703,Odprt ob vikendih
2703,Dostop za invalide
2703,Solata
2644,Vegetarijansko
2644,Kosilo
2644,Odprt ob vikendih
2256,Solata
2256,Vegetarijansko
2256,Kosilo
2256,Odprt ob vikendih
2257,Vegetarijansko
2257,Kosilo
2257,Odprt ob vikendih
2257,Dostava
2264,Dostop za invalide
2264,Vegetarijansko
2264,Kosilo
2264,Odprt ob vikendih
1006,Dostop za invalide
1006,Vegetarijansko
1006,Kosilo
2635,Vegetarijansko
2635,Kosilo
2635,Odprt ob vikendih
2635,Dostop za invalide
2635,Solata
2491,Vegetarijansko
2491,Kosilo
2491,Odprt ob vikendih
2491,Dostop za invalide (WC)
2136,Vegetarijansko
2136,Kosilo
2136,Odprt ob vikendih
1415,Dostop za invalide
1415,Vegetarijansko
1415,Kosilo
1415,Odprt ob vikendih
1346,Dostop za invalide
1346,Vegetarijansko
1346,Kosilo
1346,Odprt ob vikendih
1859,Vegetarijansko
1859,Kosilo
1859,Odprt ob vikendih
2446,Dostop za invalide
2446,Vegetarijansko
2446,Kosilo
2446,Odprt ob vikendih
2853,Vegetarijansko
2853,Kosilo
2761,Dostop za invalide
2761,Vegetarijansko
2761,Kosilo
2761,Odprt ob vikendih
2762,Vegetarijansko
2762,Kosilo
2762,Odprt ob vikendih
2762,Dostava
1165,Vegetarijansko
1165,Kosilo
1165,Odprt ob vikendih
2265,Vegetarijansko
2265,Kosilo
2265,Odprt ob vikendih
2265,Dostava
1911,Vegetarijansko
1911,Kosilo
1911,Odprt ob vikendih
1911,Dostop za invalide
1911,Študentske ugodnosti
1610,Vegetarijansko
1610,Kosilo
1610,Študentske ugodnosti
1610,Odprt ob vikendih
2117,Vegetarijansko
2117,Kosilo
2117,Odprt ob vikendih
2117,Študentske ugodnosti
2117,Dostava
1164,Vegetarijansko
1164,Kosilo
1164,Odprt ob vikendih
1164,Študentske ugodnosti
1164,Dostava
1838,Dostop za invalide
1838,Vegetarijansko
1838,Kosilo
1838,Odprt ob vikendih
2772,Vegetarijansko
2772,Kosilo
2772,Odprt ob vikendih
2772,Dostava
2603,Dostop za invalide
2603,Pizza
2603,Odprt ob vikendih
1422,Solata
1422,Vegetarijansko
1422,Kosilo
1422,Študentske ugodnosti
1421,Solata
1421,Vegetarijansko
1421,Kosilo
1421,Študentske ugodnosti
1110,Vegetarijansko
1110,Kosilo
1110,Odprt ob vikendih
1110,Dostop za invalide (WC)
1110,Študentske ugodnosti
1429,Dostop za invalide
1429,Vegetarijansko
1429,Kosilo
2601,Dostop za invalide
2601,Kosilo
2601,Odprt ob vikendih
2779,Vegetarijansko
2779,Kosilo
2779,Odprt ob vikendih
2779,Dostop za invalide (WC)
2779,Solata
2203,Vegetarijansko
2203,Kosilo
2203,Odprt ob vikendih
2203,Dostop za invalide
2203,Študentske ugodnosti
2844,Vegetarijansko
2844,Kosilo
2726,Vegetarijansko
2726,Pizza
2726,Odprt ob vikendih
2640,Dostop za invalide
2640,Vegetarijansko
2640,Kosilo
2331,Dostop za invalide
2331,Vegetarijansko
2331,Kosilo
2401,Solata
2401,Vegetarijansko
2401,Kosilo
2401,Odprt ob vikendih
2642,Kosilo
2731,Vegetarijansko
2731,Kosilo
2731,Dostop za invalide (WC)
2152,Dostop za invalide
2152,Solata
2152,Vegetarijansko
2152,Kosilo
2566,Vegetarijansko
2566,Kosilo
2566,Celiakiji prijazni obroki
2566,Dostop za invalide
2566,Študentske ugodnosti
2763,Dostop za invalide
2763,Vegetarijansko
2763,Kosilo
1731,Dostop za invalide
1731,Vegetarijansko
1731,Kosilo
1731,Odprt ob vikendih
2875,Vegetarijansko
2875,Kosilo
1910,Dostop za invalide
1910,Pizza
1910,Odprt ob vikendih
1182,Vegetarijansko
1182,Kosilo
1182,Odprt ob vikendih
1182,Dostop za invalide (WC)
1185,Vegetarijansko
1185,Kosilo
1185,Odprt ob vikendih
1185,Dostop za invalide (WC)
1184,Vegetarijansko
1184,Kosilo
1184,Odprt ob vikendih
1184,Dostop za invalide (WC)
1179,Vegetarijansko
1179,Kosilo
1179,Odprt ob vikendih
1179,Dostop za invalide (WC)
1342,Vegetarijansko
1342,Kosilo
1342,Odprt ob vikendih
1342,Dostop za invalide (WC)
2868,Kosilo
2868,Dostop za invalide (WC)
1341,Vegetarijansko
1341,Kosilo
1341,Odprt ob vikendih
1341,Dostop za invalide (WC)
2866,Vegetarijansko
2866,Kosilo
2866,Dostop za invalide (WC)
2253,Vegetarijansko
2253,Kosilo
2253,Odprt ob vikendih
2253,Dostop za invalide (WC)
2815,Vegetarijansko
2815,Kosilo
2815,Dostop za invalide (WC)
2648,Kosilo
2597,Vegetarijansko
2597,Kosilo
2597,Odprt ob vikendih
2478,Vegetarijansko
2478,Kosilo
2478,Odprt ob vikendih
2478,Dostop za invalide
2478,Solata
1718,Vegetarijansko
1718,Kosilo
1718,Odprt ob vikendih
1718,Dostava
1407,Vegetarijansko
1407,Kosilo
1407,Odprt ob vikendih
1407,Dostop za invalide (WC)
1407,Solata
2710,Vegetarijansko
2710,Kosilo
2826,Dostop za invalide
2826,Nov lokal
2826,Vegetarijansko
2826,Kosilo
2838,Solata
2838,Vegetarijansko
2838,Kosilo
2838,Nov lokal
1214,Nov lokal
1214,Vegetarijansko
1214,Kosilo
2542,Nov lokal
2542,Vegetarijansko
2542,Kosilo
2542,Dostava
2691,Kosilo
2691,Odprt ob vikendih
2828,Vegetarijansko
2828,Kosilo
2249,Dostop za invalide
2249,Vegetarijansko
2249,Kosilo
2249,Odprt ob vikendih
2765,Odprt ob vikendih
2765,Pizza
2765,Dostop za invalide (WC)
1232,Vegetarijansko
1232,Kosilo
1232,Odprt ob vikendih
2732,Dostop za invalide
2732,Vegetarijansko
2732,Kosilo
2732,Odprt ob vikendih
1683,Dostop za invalide
1683,Vegetarijansko
1683,Kosilo
1683,Odprt ob vikendih
2010,Dostop za invalide
2010,Pizza
2010,Odprt ob vikendih
1854,Dostop za invalide
1854,Pizza
1854,Odprt ob vikendih
2391,Vegetarijansko
2391,Kosilo
2391,Odprt ob vikendih
2548,Solata
2548,Kosilo
2548,Odprt ob vikendih
1778,Pizza
1778,Odprt ob vikendih
1615,Dostop za invalide
1615,Vegetarijansko
1615,Kosilo
1615,Študentske ugodnosti
1226,Dostop za invalide
1226,Vegetarijansko
1226,Kosilo
1224,Vegetarijansko
1224,Kosilo
1224,Odprt ob vikendih
1224,Dostop za invalide (WC)
2688,Dostop za invalide
2688,Vegetarijansko
2688,Kosilo
2688,Odprt ob vikendih
2850,Dostop za invalide
2850,Vegetarijansko
2850,Kosilo
2851,Dostop za invalide
2851,Vegetarijansko
2851,Kosilo
2819,Dostop za invalide
2819,Vegetarijansko
2819,Kosilo
1956,Dostop za invalide
1956,Kosilo
1956,Študentske ugodnosti
1956,Odprt ob vikendih
2652,Vegetarijansko
2652,Kosilo
1541,Solata
1541,Vegetarijansko
1541,Kosilo
1899,Solata
1899,Kosilo
1899,Odprt ob vikendih
1900,Kosilo
1900,Odprt ob vikendih
1900,Dostava
2468,Vegetarijansko
2468,Kosilo
2468,Dostop za invalide (WC)
1234,Dostop za invalide
1234,Solata
1234,Kosilo
1234,Odprt ob vikendih
2360,Dostop za invalide
2360,Solata
2360,Pizza
2360,Odprt ob vikendih
2432,Dostop za invalide
2432,Solata
2432,Kosilo
2432,Odprt ob vikendih
2729,Dostop za invalide
2729,Vegetarijansko
2729,Kosilo
1237,Vegetarijansko
1237,Kosilo
1237,Študentske ugodnosti
1238,Vegetarijansko
1238,Kosilo
1238,Študentske ugodnosti
1238,Dostava
2757,Dostop za invalide
2757,Pizza
2757,Odprt ob vikendih
2733,Dostop za invalide
2733,Vegetarijansko
2733,Kosilo
2733,Odprt ob vikendih
2311,Dostop za invalide
2311,Vegetarijansko
2311,Kosilo
2049,Dostop za invalide
2049,Vegetarijansko
2049,Kosilo
2049,Odprt ob vikendih
2569,Vegetarijansko
2569,Kosilo
2569,Odprt ob vikendih
2569,Dostop za invalide
2569,Solata
2569,Študentske ugodnosti
2776,Dostop za invalide
2776,Vegetarijansko
2776,Kosilo
2776,Odprt ob vikendih
2302,Dostop za invalide
2302,Hitra hrana
2861,Vegetarijansko
2861,Kosilo
2861,Dostop za invalide (WC)
2334,Dostop za invalide
2334,Kosilo
2334,Odprt ob vikendih
2820,Dostop za invalide
2820,Vegetarijansko
2820,Kosilo
2480,Odprt ob vikendih
2480,Kosilo
2480,Dostop za invalide (WC)
2705,Kosilo
2705,Odprt ob vikendih
2705,Dostava
2271,Vegetarijansko
2271,Kosilo
2271,Odprt ob vikendih
2271,Dostop za invalide (WC)
1467,Vegetarijansko
1467,Kosilo
1467,Dostop za invalide
1467,Solata
1467,Študentske ugodnosti
2863,Dostop za invalide
2863,Vegetarijansko
2863,Kosilo
2623,Kosilo
2769,Kosilo
2769,Odprt ob vikendih
1424,Solata
1424,Vegetarijansko
1424,Kosilo
2039,Solata
2039,Odprt ob vikendih
2039,Kosilo
2039,Dostop za invalide (WC)
1984,Pizza
1864,Vegetarijansko
1864,Kosilo
1872,Vegetarijansko
1872,Kosilo
1872,Odprt ob vikendih
1872,Dostop za invalide (WC)
2314,Vegetarijansko
2314,Kosilo
2314,Odprt ob vikendih
2314,Dostop za invalide (WC)
2258,Vegetarijansko
2258,Kosilo
2258,Odprt ob vikendih
2258,Dostop za invalide (WC)
1366,Vegetarijansko
1366,Kosilo
1366,Odprt ob vikendih
1366,Dostop za invalide (WC)
1366,Solata
1966,Vegetarijansko
1966,Kosilo
1966,Odprt ob vikendih
1966,Dostop za invalide
1966,Študentske ugodnosti
2248,Vegetarijansko
2248,Kosilo
2248,Dostop za invalide (WC)
2507,Solata
2507,Vegetarijansko
2507,Kosilo
2507,Odprt ob vikendih
2508,Kosilo
2508,Odprt ob vikendih
2508,Dostava
2551,Dostop za invalide
2551,Vegetarijansko
2551,Kosilo
2551,Odprt ob vikendih
1905,Dostop za invalide
1905,Vegetarijansko
1905,Kosilo
1905,Odprt ob vikendih
2845,Dostop za invalide
2845,Vegetarijansko
2845,Kosilo
1250,Dostop za invalide
1250,Vegetarijansko
1250,Kosilo
1250,Odprt ob vikendih
2754,Vegetarijansko
2754,Kosilo
2754,Odprt ob vikendih
1906,Vegetarijansko
1906,Kosilo
1906,Odprt ob vikendih
1906,Dostava
2504,Vegetarijansko
2504,Kosilo
2504,Odprt ob vikendih
2504,Dostop za invalide
2504,Solata
2504,Študentske ugodnosti
2505,Vegetarijansko
2505,Kosilo
2505,Odprt ob vikendih
2505,Študentske ugodnosti
2505,Dostava
1794,Dostop za invalide
1794,Kosilo
1794,Odprt ob vikendih
1798,Dostop za invalide
1798,Vegetarijansko
1798,Kosilo
2200,Vegetarijansko
2200,Kosilo
2200,Odprt ob vikendih
2200,Dostop za invalide (WC)
2185,Dostop za invalide
2185,Vegetarijansko
2185,Kosilo
2185,Odprt ob vikendih
2308,Vegetarijansko
2308,Pizza
2308,Odprt ob vikendih
2308,Dostop za invalide (WC)
2736,Dostop za invalide
2736,Kosilo
2736,Odprt ob vikendih
2479,Odprt ob vikendih
2479,Pizza
2479,Dostop za invalide (WC)
1147,Pizza
1545,Pizza
1545,Dostava
1441,Dostop za invalide
1441,Pizza
1441,Študentske ugodnosti
1441,Odprt ob vikendih
2284,Vegetarijansko
2284,Kosilo
2284,Odprt ob vikendih
2284,Dostop za invalide
2284,Solata
1613,Dostop za invalide
1613,Vegetarijansko
1613,Pizza
1613,Odprt ob vikendih
1402,Vegetarijansko
1402,Kosilo
1402,Odprt ob vikendih
1402,Celiakiji prijazni obroki
1402,Solata
2653,Dostop za invalide
2653,Vegetarijansko
2653,Kosilo
2653,Odprt ob vikendih
2654,Vegetarijansko
2654,Kosilo
2654,Odprt ob vikendih
2654,Dostava
1292,Dostop za invalide
1292,Vegetarijansko
1292,Kosilo
1292,Odprt ob vikendih
1103,Odprt ob vikendih
1103,Kosilo
1103,Študentske ugodnosti
1103,Dostop za invalide (WC)
2270,Vegetarijansko
2270,Kosilo
2270,Odprt ob vikendih
2270,Dostop za invalide (WC)
1305,Dostop za invalide
1305,Vegetarijansko
1305,Kosilo
1305,Odprt ob vikendih
2712,Dostop za invalide
2712,Pizza
2712,Odprt ob vikendih
1423,Dostop za invalide
1423,Vegetarijansko
1423,Kosilo
1423,Odprt ob vikendih
2291,Vegetarijansko
2291,Kosilo
2291,Odprt ob vikendih
2291,Dostop za invalide (WC)
2661,Dostop za invalide
2661,Vegetarijansko
2661,Kosilo
2661,Odprt ob vikendih
2660,Vegetarijansko
2660,Kosilo
2660,Odprt ob vikendih
2660,Dostava
2165,Vegetarijansko
2165,Pizza
2165,Odprt ob vikendih
2375,Pizza
2375,Študentske ugodnosti
2375,Odprt ob vikendih
1266,Dostop za invalide
1266,Vegetarijansko
1266,Pizza
1266,Odprt ob vikendih
1267,Vegetarijansko
1267,Pizza
1267,Odprt ob vikendih
1267,Dostava
1335,Pizza
1335,Odprt ob vikendih
1334,Dostop za invalide
1334,Pizza
1334,Odprt ob vikendih
1259,Odprt ob vikendih
1259,Pizza
1259,Dostop za invalide (WC)
1336,Vegetarijansko
1336,Kosilo
1336,Odprt ob vikendih
1336,Dostop za invalide
1336,Solata
1011,Vegetarijansko
1011,Kosilo
1011,Odprt ob vikendih
1011,Dostop za invalide
1011,Solata
1861,Dostop za invalide
1861,Vegetarijansko
1861,Kosilo
2011,Vegetarijansko
2011,Kosilo
2011,Dostava
1031,Vegetarijansko
1031,Kosilo
1031,Odprt ob vikendih
1031,Dostop za invalide
1031,Solata
1716,Dostop za invalide
1716,Vegetarijansko
1716,Kosilo
1716,Odprt ob vikendih
1717,Vegetarijansko
1717,Kosilo
1717,Odprt ob vikendih
1717,Dostava
1711,Vegetarijansko
1711,Kosilo
1711,Odprt ob vikendih
1711,Dostop za invalide
1711,Solata
1994,Dostop za invalide
1994,Solata
1994,Kosilo
1413,Vegetarijansko
1413,Kosilo
1413,Odprt ob vikendih
1413,Dostop za invalide (WC)
1466,Vegetarijansko
1466,Kosilo
1466,Odprt ob vikendih
1466,Dostop za invalide
1466,Solata
1466,Študentske ugodnosti
1176,Dostop za invalide
1176,Solata
1176,Pizza
1176,Odprt ob vikendih
2636,Dostop za invalide
2636,Pizza
2636,Odprt ob vikendih
2878,Dostop za invalide
2878,Pizza
2879,Pizza
2879,Dostava
2514,Vegetarijansko
2514,Kosilo
2514,Odprt ob vikendih
2514,Dostava
2565,Dostop za invalide
2565,Solata
2565,Vegetarijansko
2565,Kosilo
2816,Nov lokal
2816,Pizza
2876,Nov lokal
2876,Vegetarijansko
2876,Kosilo
2877,Nov lokal
2877,Vegetarijansko
2877,Kosilo
2877,Dostava
1474,Vegetarijansko
1474,Kosilo
1474,Dostop za invalide (WC)
2753,Dostop za invalide
2753,Solata
2753,Vegetarijansko
2753,Kosilo
2204,Solata
2204,Vegetarijansko
2204,Kosilo
2204,Odprt ob vikendih
2205,Vegetarijansko
2205,Kosilo
2205,Odprt ob vikendih
2205,Dostava
1265,Solata
1265,Vegetarijansko
1265,Kosilo
1265,Dostop za invalide (WC)
2259,Vegetarijansko
2259,Kosilo
2259,Odprt ob vikendih
2259,Dostop za invalide (WC)
2259,Solata
2325,Dostop za invalide
2325,Vegetarijansko
2325,Kosilo
2325,Odprt ob vikendih
2651,Vegetarijansko
2651,Kosilo
2651,Odprt ob vikendih
2651,Dostop za invalide (WC)
2825,Dostop za invalide
2825,Vegetarijansko
2825,Kosilo
1564,Dostop za invalide
1564,Vegetarijansko
1564,Kosilo
1564,Odprt ob vikendih
2588,Pizza
2588,Odprt ob vikendih
1530,Solata
1530,Vegetarijansko
1530,Kosilo
1530,Študentske ugodnosti
2187,Solata
2187,Vegetarijansko
2187,Kosilo
2187,Študentske ugodnosti
2529,Dostop za invalide
2529,Solata
2529,Vegetarijansko
2529,Kosilo
2367,Vegetarijansko
2367,Kosilo
2367,Odprt ob vikendih
2367,Dostop za invalide (WC)
2367,Solata
2367,Študentske ugodnosti
2369,Vegetarijansko
2369,Kosilo
2369,Odprt ob vikendih
2369,Dostop za invalide (WC)
2369,Solata
2369,Študentske ugodnosti
2366,Vegetarijansko
2366,Kosilo
2366,Odprt ob vikendih
2366,Dostop za invalide (WC)
2366,Solata
2366,Študentske ugodnosti
2528,Solata
2528,Vegetarijansko
2528,Kosilo
2528,Študentske ugodnosti
2531,Solata
2531,Vegetarijansko
2531,Kosilo
2531,Študentske ugodnosti
1532,Solata
1532,Vegetarijansko
1532,Kosilo
1583,Solata
1583,Vegetarijansko
1583,Kosilo
1583,Študentske ugodnosti
1384,Vegetarijansko
1384,Kosilo
1384,Odprt ob vikendih
1384,Dostop za invalide
1384,Solata
2164,Vegetarijansko
2164,Kosilo
2164,Odprt ob vikendih
2164,Dostop za invalide
2164,Študentske ugodnosti
2501,Vegetarijansko
2501,Kosilo
2501,Odprt ob vikendih
2501,Dostop za invalide (WC)
2869,Dostop za invalide
2869,Vegetarijansko
2869,Kosilo
2527,Dostop za invalide
2527,Solata
2527,Vegetarijansko
2527,Kosilo
1823,Odprt ob vikendih
1823,Študentske ugodnosti
1823,Dostop za invalide (WC)
1823,Hitra hrana
2405,Dostop za invalide
2405,Vegetarijansko
2405,Kosilo
2405,Odprt ob vikendih
1827,Dostop za invalide
1827,Vegetarijansko
1827,Kosilo
1827,Odprt ob vikendih
2097,Vegetarijansko
2097,Kosilo
2097,Odprt ob vikendih
2097,Dostop za invalide
2097,Solata
1269,Dostop za invalide
1269,Vegetarijansko
1269,Kosilo
2843,Dostop za invalide
2843,Vegetarijansko
2843,Kosilo
1324,Dostop za invalide
1324,Solata
1324,Vegetarijansko
1324,Kosilo
2435,Vegetarijansko
2435,Kosilo
2435,Odprt ob vikendih
2435,Dostop za invalide
2435,Solata
2880,Nov lokal
2880,Vegetarijansko
2880,Kosilo
2880,Dostop za invalide
2880,Solata
2343,Solata
2343,Vegetarijansko
2343,Kosilo
2343,Dostop za invalide (WC)
2221,Vegetarijansko
2221,Kosilo
2221,Dostop za invalide (WC)
1195,Vegetarijansko
1195,Kosilo
1195,Odprt ob vikendih
1195,Dostop za invalide (WC)
1195,Solata
1195,Študentske ugodnosti
1369,Vegetarijansko
1369,Kosilo
1369,Odprt ob vikendih
1369,Dostop za invalide (WC)
1369,Solata
1369,Študentske ugodnosti
1023,Vegetarijansko
1023,Kosilo
1023,Odprt ob vikendih
1023,Dostop za invalide (WC)
1023,Dostop za invalide
1023,Solata
1023,Študentske ugodnosti
1198,Vegetarijansko
1198,Kosilo
1198,Odprt ob vikendih
1198,Dostop za invalide (WC)
1198,Solata
1198,Študentske ugodnosti
1194,Vegetarijansko
1194,Kosilo
1194,Odprt ob vikendih
1194,Dostop za invalide (WC)
1194,Solata
1194,Študentske ugodnosti
1197,Vegetarijansko
1197,Kosilo
1197,Odprt ob vikendih
1197,Dostop za invalide (WC)
1197,Solata
1197,Študentske ugodnosti
1199,Vegetarijansko
1199,Kosilo
1199,Odprt ob vikendih
1199,Dostop za invalide (WC)
1199,Solata
1199,Študentske ugodnosti
1025,Vegetarijansko
1025,Kosilo
1025,Odprt ob vikendih
1025,Dostop za invalide (WC)
1025,Dostop za invalide
1025,Solata
1025,Študentske ugodnosti
1370,Vegetarijansko
1370,Kosilo
1370,Odprt ob vikendih
1370,Dostop za invalide (WC)
1370,Solata
1370,Študentske ugodnosti
1403,Dostop za invalide
1403,Vegetarijansko
1403,Kosilo
1403,Odprt ob vikendih
2855,Vegetarijansko
2855,Kosilo
2855,Dostop za invalide (WC)
2856,Vegetarijansko
2856,Kosilo
2856,Dostava
2040,Dostop za invalide
2040,Vegetarijansko
2040,Kosilo
2040,Odprt ob vikendih
2615,Dostop za invalide
2615,Vegetarijansko
2615,Kosilo
2615,Odprt ob vikendih
1130,Vegetarijansko
1130,Kosilo
1130,Odprt ob vikendih
1130,Dostop za invalide (WC)
1768,Solata
1768,Vegetarijansko
1768,Kosilo
1768,Dostop za invalide (WC)
2475,Vegetarijansko
2475,Kosilo
2475,Odprt ob vikendih
2475,Dostop za invalide (WC)
2475,Solata
2278,Solata
2278,Vegetarijansko
2278,Kosilo
2278,Dostop za invalide (WC)
2833,Dostop za invalide
2833,Nov lokal
2833,Vegetarijansko
2833,Kosilo
2085,Dostop za invalide
2085,Vegetarijansko
2085,Kosilo
2085,Odprt ob vikendih
2649,Dostop za invalide
2649,Vegetarijansko
2649,Kosilo
2649,Odprt ob vikendih
2759,Vegetarijansko
2759,Kosilo
2759,Odprt ob vikendih
2759,Dostop za invalide (WC)
1377,Kosilo
1377,Odprt ob vikendih
1380,Odprt ob vikendih
1380,Kosilo
1380,Dostop za invalide (WC)
1381,Odprt ob vikendih
1381,Kosilo
1381,Dostop za invalide (WC)
1536,Odprt ob vikendih
1536,Kosilo
1536,Dostop za invalide (WC)
1379,Odprt ob vikendih
1379,Kosilo
1379,Dostop za invalide (WC)
1378,Odprt ob vikendih
1378,Kosilo
1378,Dostop za invalide (WC)
2721,Solata
2721,Vegetarijansko
2721,Kosilo
2721,Dostop za invalide (WC)
1382,Dostop za invalide
1382,Vegetarijansko
1382,Kosilo
2768,Dostop za invalide
2768,Vegetarijansko
2768,Kosilo
2768,Odprt ob vikendih
1109,Vegetarijansko
1109,Kosilo
1109,Odprt ob vikendih
2619,Vegetarijansko
2619,Kosilo
2619,Odprt ob vikendih
2229,Solata
2229,Vegetarijansko
2229,Kosilo
2357,Vegetarijansko
2357,Kosilo
2357,Dostop za invalide (WC)
1360,Dostop za invalide
1360,Vegetarijansko
1360,Kosilo
1360,Odprt ob vikendih
2180,Dostop za invalide
2180,Solata
2180,Vegetarijansko
2180,Kosilo
2695,Vegetarijansko
2695,Kosilo
2695,Odprt ob vikendih
2695,Dostop za invalide (WC)
2695,Dostop za invalide
1321,Dostop za invalide
1321,Vegetarijansko
1321,Kosilo
1321,Odprt ob vikendih
2181,Solata
2181,Vegetarijansko
2181,Kosilo
2252,Vegetarijansko
2252,Kosilo
2252,Odprt ob vikendih
2884,Vegetarijansko
2884,Kosilo
2326,Vegetarijansko
2326,Kosilo
2326,Odprt ob vikendih
2131,Dostop za invalide
2131,Vegetarijansko
2131,Kosilo
2131,Odprt ob vikendih
2887,Vegetarijansko
2887,Kosilo
2887,Odprt ob vikendih
2520,Vegetarijansko
2520,Kosilo
2520,Odprt ob vikendih
1367,Dostop za invalide
1367,Solata
1367,Vegetarijansko
1367,Kosilo
2870,Nov lokal
2870,Vegetarijansko
2870,Kosilo
1298,Vegetarijansko
1298,Kosilo
2445,Solata
2445,Vegetarijansko
2445,Kosilo
2583,Vegetarijansko
2583,Kosilo
2583,Dostava
2596,Dostop za invalide
2596,Vegetarijansko
2596,Kosilo
2854,Nov lokal
2854,Vegetarijansko
2854,Kosilo
2854,Dostop za invalide
2854,Solata
2545,Solata
2545,Vegetarijansko
2545,Kosilo
1100,Vegetarijansko
1100,Kosilo
1100,Odprt ob vikendih
1100,Dostop za invalide (WC)
1100,Solata
1102,Vegetarijansko
1102,Kosilo
1102,Odprt ob vikendih
1102,Dostop za invalide (WC)
1102,Solata
2698,Vegetarijansko
2698,Kosilo
2286,Vegetarijansko
2286,Kosilo
2286,Odprt ob vikendih
2287,Vegetarijansko
2287,Kosilo
2287,Dostava
2865,Kosilo
2865,Dostop za invalide (WC)
2725,Vegetarijansko
2725,Kosilo
2725,Odprt ob vikendih
2739,Dostop za invalide
2739,Kosilo
2739,Odprt ob vikendih
2859,Dostop za invalide
2859,Nov lokal
2859,Kosilo
1597,Vegetarijansko
1597,Kosilo
1597,Dostop za invalide (WC)
2595,Vegetarijansko
2595,Kosilo
2595,Odprt ob vikendih
2595,Dostava
2552,Solata
2552,Vegetarijansko
2552,Kosilo
2552,Dostop za invalide (WC)
2400,Solata
2400,Vegetarijansko
2400,Kosilo
2400,Odprt ob vikendih
2145,Dostop za invalide
2145,Pizza
2145,Odprt ob vikendih
2858,Vegetarijansko
2858,Kosilo
2633,Dostop za invalide
2633,Kosilo
2633,Odprt ob vikendih
2254,Vegetarijansko
2254,Kosilo
2254,Odprt ob vikendih
2254,Dostava
2641,Vegetarijansko
2641,Kosilo
2641,Celiakiji prijazni obroki
2641,Dostop za invalide (WC)
2641,Solata
1371,Solata
1371,Kosilo
2263,Solata
2263,Vegetarijansko
2263,Kosilo
2263,Dostop za invalide (WC)
2115,Solata
2115,Vegetarijansko
2115,Kosilo
2115,Odprt ob vikendih
2116,Vegetarijansko
2116,Kosilo
2116,Odprt ob vikendih
2116,Dostava
2389,Dostop za invalide
2389,Vegetarijansko
2389,Kosilo
2389,Odprt ob vikendih
2714,Dostop za invalide
2714,Vegetarijansko
2714,Kosilo
2714,Odprt ob vikendih
2092,Pizza
2092,Odprt ob vikendih
1219,Vegetarijansko
1219,Kosilo
2213,Dostop za invalide
2213,Vegetarijansko
2213,Kosilo
2213,Študentske ugodnosti
2289,Dostop za invalide
2289,Vegetarijansko
2289,Kosilo
2289,Odprt ob vikendih
2532,Vegetarijansko
2532,Kosilo
2532,Odprt ob vikendih
2532,Dostava
2149,Vegetarijansko
2149,Kosilo
2149,Odprt ob vikendih
2149,Dostop za invalide (WC)
2336,Vegetarijansko
2336,Kosilo
2336,Odprt ob vikendih
2336,Dostop za invalide (WC)
2337,Vegetarijansko
2337,Kosilo
2337,Odprt ob vikendih
2493,Dostop za invalide
2493,Vegetarijansko
2493,Kosilo
2493,Odprt ob vikendih
2494,Vegetarijansko
2494,Kosilo
2494,Odprt ob vikendih
2494,Dostava
2500,Vegetarijansko
2500,Kosilo
2500,Študentske ugodnosti
2472,Dostop za invalide
2472,Kosilo
2052,Dostop za invalide
2052,Vegetarijansko
2052,Kosilo
2052,Odprt ob vikendih
2053,Vegetarijansko
2053,Kosilo
2053,Odprt ob vikendih
2053,Dostava
2430,Vegetarijansko
2430,Kosilo
2430,Odprt ob vikendih
2498,Dostop za invalide
2498,Kosilo
2498,Odprt ob vikendih
1703,Vegetarijansko
1703,Kosilo
1703,Odprt ob vikendih
1101,Vegetarijansko
1101,Kosilo
1101,Dostop za invalide (WC)
1262,Dostop za invalide
1262,Vegetarijansko
1262,Kosilo
1262,Odprt ob vikendih
2662,Odprt ob vikendih
2662,Pizza
2662,Dostop za invalide (WC)
2882,Vegetarijansko
2882,Kosilo
2664,Vegetarijansko
2664,Kosilo
2664,Odprt ob vikendih
1477,Dostop za invalide
1477,Pizza
1339,Solata
1339,Vegetarijansko
1339,Kosilo
1339,Odprt ob vikendih
2742,Dostop za invalide
2742,Vegetarijansko
2742,Kosilo
2280,Dostop za invalide
2280,Vegetarijansko
2280,Kosilo
2280,Odprt ob vikendih
2599,Dostop za invalide
2599,Vegetarijansko
2599,Kosilo
1576,Vegetarijansko
1576,Kosilo
1576,Odprt ob vikendih
1576,Dostop za invalide (WC)
2298,Vegetarijansko
2298,Kosilo
2298,Odprt ob vikendih
2298,Dostop za invalide (WC)
2327,Vegetarijansko
2327,Kosilo
2327,Odprt ob vikendih
2327,Celiakiji prijazni obroki
2327,Dostop za invalide
2275,Dostop za invalide
2275,Vegetarijansko
2275,Kosilo
2275,Odprt ob vikendih
2773,Vegetarijansko
2773,Kosilo
2773,Odprt ob vikendih
2773,Dostava
2535,Pizza
2535,Odprt ob vikendih
2771,Pizza
2771,Odprt ob vikendih
1791,Pizza
1791,Odprt ob vikendih
2009,Dostop za invalide
2009,Vegetarijansko
2009,Pizza
2009,Odprt ob vikendih
